Account,Campaign,Ad Group,Ad Type,Ad Status,Final URL,Headline 1,Headline 2,Headline 3,Headline 4,Headline 5,Headline 6,Headline 7,Headline 8,Headline 9,Headline 10,Headline 11,Headline 12,Headline 13,Headline 14,Headline 15,Description 1,Description 2,Description 3,Description 4,Path 1,Path 2
743-891-1939,DE_Search_Möbelmontage_Nürnberg,AG_Möbelmontage_Exact,Responsive search ad,Enabled,https://mobelmontage-nurnberg.de,Möbelmontage Nürnberg,Professioneller Möbelaufbau,12 Jahre Erfahrung,Festpreis-Garantie,Jetzt Angebot erhalten,5.000+ zufriedene Kunden,Termin in 24h möglich,Heute noch verfügbar,Schnell & zuverlässig,Kostenlose Beratung,Alle Möbelmarken,Werkzeug inklusive,Express-Service möglich,Top Bewertungen,Faire Preise,"Professionelle Möbelmontage in Nürnberg & Umgebung. IKEA, PAX, Küchen & mehr. Festpreis ohne Überraschungen!","Über 5.000 zufriedene Kunden. Schneller Service. Jetzt kostenloses Angebot in 5 Minuten erhalten!","12 Jahre Erfahrung. Montage, Lieferung & Entsorgung aus einer Hand. Rufen Sie jetzt an!","Expressservice möglich. Zahlung nach Fertigstellung. Werkzeug inklusive. Termin heute!",Möbelmontage,Nürnberg
743-891-1939,DE_Search_Möbelmontage_Nürnberg,AG_Möbelmontage_Phrase,Responsive search ad,Enabled,https://mobelmontage-nurnberg.de,Möbelmontage Service,Möbel montieren lassen,Profi Möbelaufbau,12 Jahre Erfahrung,Festpreis-Garantie,Jetzt Angebot erhalten,5.000+ Kunden,Termin in 24h,Schnell & sauber,Kostenlose Anfahrt,Alle Marken,Werkzeug inklusive,Express möglich,Top Bewertungen,Faire Preise,"Möbelmontage vom Profi! Wir montieren alle Möbelmarken in Nürnberg & 65km Umgebung. Festpreis!","Professioneller Möbelmontage-Service. Über 5.000 zufriedene Kunden. Jetzt anfragen!","12 Jahre Erfahrung. Schnell, sauber, zuverlässig. Kostenlose Beratung. Anruf genügt!","Expressservice verfügbar. Zahlung erst nach Fertigstellung. Jetzt Termin sichern!",Möbelmontage,Service
743-891-1939,DE_Search_Möbelmontage_Nürnberg,AG_Möbelaufbau_Exact,Responsive search ad,Enabled,https://mobelmontage-nurnberg.de,Möbelaufbau Nürnberg,Möbel aufbauen lassen,Profi-Montage Service,12 Jahre Erfahrung,Festpreis-Garantie,Jetzt Angebot erhalten,5.000+ Kunden,Termin in 24h,Schnell & sauber,Kostenlose Anfahrt,Alle Marken,Werkzeug dabei,Express möglich,Top Bewertungen,Faire Preise,"Möbel aufbauen lassen in Nürnberg? Wir sind Ihr Partner! IKEA, PAX, Schränke & mehr. Festpreis!","Professioneller Möbelaufbau-Service. Über 5.000 zufriedene Kunden. Jetzt anfragen!","12 Jahre Erfahrung. Schnell, sauber, zuverlässig. Kostenlose Beratung. Anruf genügt!","Expressservice verfügbar. Zahlung erst nach Fertigstellung. Jetzt Termin sichern!",Möbelaufbau,Service
743-891-1939,DE_Search_Möbelmontage_Nürnberg,AG_Schrank_Montage,Responsive search ad,Enabled,https://mobelmontage-nurnberg.de/service/schrank-montage,Schrank Montage Nürnberg,Schrank aufbauen lassen,Kleiderschrank Montage,PAX Spezialist,Festpreis-Garantie,Jetzt Angebot erhalten,5.000+ Kunden,Termin in 24h,Schnell & sauber,Kostenlose Anfahrt,Alle Schränke,Werkzeug dabei,Express möglich,Profi-Montage,Faire Preise,"Schrank Montage in Nürnberg. PAX, Kleiderschränke & mehr. Schnell, sauber, professionell!","Wir bauen Ihren Schrank auf! Festpreis. Keine versteckten Kosten. Jetzt anfragen!","12 Jahre Erfahrung mit allen Schranktypen. PAX Spezialist. Termin in 24h möglich!","Expressservice verfügbar. Ihr Schrank steht noch verpackt? Wir kommen heute!",Schrank,Montage
743-891-1939,DE_Search_Küchenmontage_Nürnberg,AG_Küchenmontage_Exact,Responsive search ad,Enabled,https://mobelmontage-nurnberg.de/service/kuechenmontage,Küchenmontage Nürnberg,Küche montieren lassen,Profi Küchenmontage,IKEA Küchen Spezialist,Festpreis-Garantie,Jetzt Angebot erhalten,5.000+ Kunden,Termin in 24h,Inkl. Anschlüsse,Komplettservice,Alle Küchen,Werkzeug dabei,Express möglich,Top Bewertungen,Faire Preise,"Professionelle Küchenmontage in Nürnberg. IKEA, METOD & alle Marken. Inkl. Elektro & Wasser!","Komplette Kücheninstallation aus einer Hand. Festpreis. Jetzt kostenloses Angebot!","12 Jahre Erfahrung. Küche fertig in einem Tag. Arbeitsplatten, Geräte, Anschlüsse!","Ihr Küchen-Spezialist in Nürnberg. Schnell, sauber, professionell. Anrufen!",Küchenmontage,Nürnberg
743-891-1939,DE_Search_Küchenmontage_Nürnberg,AG_Küche_Aufbauen,Responsive search ad,Enabled,https://mobelmontage-nurnberg.de/service/ikea-kuechenmontage,IKEA Küche montieren,METOD Küchenmontage,IKEA Küchen Spezialist,Küche aufbauen lassen,Festpreis-Garantie,Jetzt Angebot erhalten,5.000+ Kunden,Termin in 24h,Inkl. Anschlüsse,Komplettservice,METOD Experte,Werkzeug dabei,Express möglich,Top Bewertungen,Faire Preise,"IKEA Küche montieren lassen? Wir sind METOD Spezialisten! Komplettservice inkl. Anschlüsse.","IKEA Küchenmontage vom Profi. Festpreis. Keine Überraschungen. Jetzt anfragen!","12 Jahre IKEA Erfahrung. METOD, KNOXHULT & mehr. Termin in 24-48h möglich!","Ihre IKEA Küche wartet? Wir kommen und bauen auf. Schnell, sauber, professionell!",IKEA,Küchenmontage
743-891-1939,DE_Search_IKEA_Montage_Nürnberg,AG_IKEA_Montage_Exact,Responsive search ad,Enabled,https://mobelmontage-nurnberg.de/service/ikea-montage,IKEA Montage Nürnberg,IKEA Möbel aufbauen,IKEA Aufbauservice,PAX & METOD Experte,Festpreis-Garantie,Jetzt Angebot erhalten,5.000+ Kunden,Termin in 24h,Schnell & sauber,Alle IKEA Möbel,12 Jahre Erfahrung,Werkzeug dabei,Express möglich,Top Bewertungen,Faire Preise,"IKEA Montage in Nürnberg. PAX, METOD, BESTA, KALLAX & alle anderen Möbel. Festpreis!","IKEA Möbel aufbauen lassen? Wir sind Ihr IKEA Spezialist! Jetzt Angebot erhalten!","12 Jahre IKEA Erfahrung. Über 5.000 zufriedene Kunden. Schnell, sauber, professionell!","Ihr IKEA Paket wartet? Wir kommen und bauen auf. Express-Service möglich!",IKEA,Montage
743-891-1939,DE_Search_IKEA_Montage_Nürnberg,AG_PAX_Montage,Responsive search ad,Enabled,https://mobelmontage-nurnberg.de/service/pax-schrank-montage,PAX Schrank Montage,IKEA PAX aufbauen,PAX Spezialist Nürnberg,PAX Kleiderschrank,Festpreis-Garantie,Jetzt Angebot erhalten,5.000+ Kunden,Termin in 24h,Schnell & sauber,PAX Experte,12 Jahre Erfahrung,Werkzeug dabei,Express möglich,Top Bewertungen,Faire Preise,"PAX Schrank Montage in Nürnberg. Wir sind PAX Spezialisten! Schnell, sauber, professionell.","IKEA PAX aufbauen lassen? Festpreis ohne Überraschungen. Jetzt kostenloses Angebot!","12 Jahre PAX Erfahrung. Einfache & komplexe PAX Systeme. Termin in 24h möglich!","Ihr PAX Schrank steht noch verpackt? Wir kommen heute! Express-Service verfügbar.",PAX,Montage
743-891-1939,DE_Search_IKEA_Montage_Nürnberg,AG_METOD_Montage,Responsive search ad,Enabled,https://mobelmontage-nurnberg.de/service/metod-kuechenmontage,METOD Küche Montage,IKEA METOD aufbauen,METOD Spezialist,METOD Küchenmontage,Festpreis-Garantie,Jetzt Angebot erhalten,5.000+ Kunden,Termin in 24h,Inkl. Anschlüsse,METOD Experte,12 Jahre Erfahrung,Werkzeug dabei,Express möglich,Top Bewertungen,Faire Preise,"METOD Küche Montage in Nürnberg. Komplettservice inkl. Elektro & Wasseranschluss!","IKEA METOD aufbauen lassen? Wir sind METOD Spezialisten! Festpreis. Jetzt anfragen!","12 Jahre METOD Erfahrung. Küche fertig in einem Tag. Alle Arbeiten aus einer Hand!","Ihre METOD Küche wartet? Wir kommen und montieren. Schnell, sauber, professionell!",METOD,Montage
